"0","analyze_iris <- function(data) {"
"0","  species <- unique(data$Species)"
"0","  result_list <- list()"
"0","  i <- 1"
"0","  "
"0","  while (i <= length(species)) {"
"0","    species_data <- data[data$Species == species[i], ]"
"0","    mean_sepal_length <- mean(species_data$Sepal.Length)"
"0","    "
"0","    classification <- if (mean_sepal_length < 5) {"
"0","      ""Short"""
"0","    } else if (mean_sepal_length < 6) {"
"0","      ""Medium"""
"0","    } else {"
"0","      ""Long"""
"0","    }"
"0","    "
"0","    result_list[[i]] <- data.frame("
"0","      Species = species[i],"
"0","      MeanSepalLength = mean_sepal_length,"
"0","      Classification = classification,"
"0","      PlantCount = nrow(species_data)"
"0","    )"
"0","    "
"0","    i <- i + 1"
"0","  }"
"0","  "
"0","  return(result_list)"
"0","}"
"0",""
"0","analysis_results_iris <- analyze_iris(iris)"
"0",""
"0","summary_df_iris <- do.call(rbind, analysis_results_iris)"
"0",""
"0","print(summary_df_iris)"
